id,FirstName,LastName,Address,PhoneNumber1,Nedra,Runte,Suite 388,251.183.2038 x12060
2,Abdiel,Kautzer,Apt. 417,(345)212-7431 x541
3,Hadley,Streich,Apt. 636,876-598-3611 x76648
4,Brandon,Becker,Suite 249,857-703-6478 x1041
5,Ludie,Weissnat,Suite 054,577-614-7856 x7693
6,Marvin,Daugherty,Suite 899,(467)529-9677
7,Morris,Glover,Suite 291,1-419-696-0371 x929
8,Marlee,Corkery,Apt. 730,1-349-054-2942 x1455
9,Justine,Mills,Apt. 330,(779)918-4123
10,Arielle,McCullough,Apt. 700,1-989-169-1808 x966
11,Bailee,Abbott,Suite 114,(069)083-5322
12,Reese,Smith,Apt. 556,1-362-827-1768 x8630
13,Dorothea,Harris,Suite 118,140.834.2884 x4045
14,Josue,D'Amore,Apt. 204,(446)530-6115 x7941
15,Malcolm,Stanton,Suite 469,1-216-919-3048
16,Shanelle,Jast,Suite 075,920.522.4253 x367
17,Lenny,Dickens,Suite 222,665-300-1943
18,Lew,Osinski,Suite 422,677.929.9418 x526
19,Jerrell,Koch,Apt. 732,099-637-5731
20,Bettie,Deckow,Suite 441,976-306-5852 x300
21,Delia,West,Apt. 070,048.868.8707 x291
22,Chelsea,Wintheiser,Apt. 435,(738)690-2519 x4032
23,Jewel,Wilderman,Apt. 219,(053)089-8241
24,Giovanny,Hilll,Suite 034,1-409-981-9712 x974
25,Summer,Hintz,Suite 760,576-142-5230 x51030
26,Sandrine,Mohr,Apt. 439,088.675.5560 x64168
27,Dante,Harber,Suite 325,(480)333-0693 x588
28,Jovanny,Stiedemann,Suite 022,558-118-2200
29,Florine,Feil,Apt. 992,1-182-330-0929
30,Ariane,O'Hara,Apt. 810,(046)525-6986
